mean_fit_time,mean_score_time,mean_test_score,mean_train_score,param_clf,param_clf__max_depth,param_clf__max_leaf_nodes,param_clf__min_samples_leaf,param_clf__min_samples_split,param_clf__n_estimators,param_select__k,rank_test_score,split0_test_score,split0_train_score,split1_test_score,split1_train_score,split2_test_score,split2_train_score,split3_test_score,split3_train_score,split4_test_score,split4_train_score,std_fit_time,std_score_time,std_test_score,std_train_score
49.67818598747253,3.9444117546081543,0.9306930693069307,0.9514235978919594,"ExtraTreesClassifier(bootstrap=False, class_weight=None, criterion='gini',
           max_depth=12, max_features='log2', max_leaf_nodes=35,
           min_impurity_split=1e-05, min_samples_leaf=3,
           min_samples_split=5, min_weight_fraction_leaf=0.0,
           n_estimators=420, n_jobs=-1, oob_score=False,
           random_state=<mtrand.RandomState object at 0x7f7c7d812438>,
           verbose=0, warm_start=False)",12,35,3,5,420,126000,89,0.9259259259259259,0.9535603715170279,0.9628482972136223,0.9481825212683681,0.9256965944272446,0.9551430781129157,0.913312693498452,0.9551430781129157,0.9256965944272446,0.9450889404485692,17.383310808009142,1.5914352060113814,0.01678028559374861,0.0040710522069373435
24.579857492446898,3.4867363929748536,0.9288366336633663,0.9593135459092661,"ExtraTreesClassifier(bootstrap=False, class_weight=None, criterion='gini',
           max_depth=12, max_features='log2', max_leaf_nodes=35,
           min_impurity_split=1e-05, min_samples_leaf=3,
           min_samples_split=5, min_weight_fraction_leaf=0.0,
           n_estimators=420, n_jobs=-1, oob_score=False,
           random_state=<mtrand.RandomState object at 0x7f7c7d812ee8>,
           verbose=0, warm_start=False)",12,35,3,5,420,219000,101,0.9197530864197531,0.9620743034055728,0.9628482972136223,0.9605568445475638,0.9195046439628483,0.9559164733178654,0.913312693498452,0.9605568445475638,0.9287925696594427,0.9574632637277649,3.164087119938535,0.8526594887057425,0.017701243779581568,0.002266142594976135
31.74874782562256,4.190991401672363,0.9344059405940595,0.9579208359372569,"ExtraTreesClassifier(bootstrap=False, class_weight=None, criterion='gini',
           max_depth=12, max_features='log2', max_leaf_nodes=35,
           min_impurity_split=1e-05, min_samples_leaf=3,
           min_samples_split=5, min_weight_fraction_leaf=0.0,
           n_estimators=420, n_jobs=-1, oob_score=False,
           random_state=<mtrand.RandomState object at 0x7f7c7acd33a8>,
           verbose=0, warm_start=False)",12,35,3,5,420,221000,53,0.9382716049382716,0.958204334365325,0.9628482972136223,0.9535962877030162,0.9195046439628483,0.951276102088167,0.9102167182662538,0.9644238205723125,0.9411764705882353,0.9621036349574633,3.185569005242932,1.1631043909559422,0.018308067861741783,0.004954173866982074
33.24170846939087,3.961328411102295,0.9350247524752475,0.9586944705834466,"ExtraTreesClassifier(bootstrap=False, class_weight=None, criterion='gini',
           max_depth=12, max_features='log2', max_leaf_nodes=35,
           min_impurity_split=1e-05, min_samples_leaf=3,
           min_samples_split=5, min_weight_fraction_leaf=0.0,
           n_estimators=420, n_jobs=-1, oob_score=False,
           random_state=<mtrand.RandomState object at 0x7f7c78c984c8>,
           verbose=0, warm_start=False)",12,35,3,5,420,230000,37,0.9259259259259259,0.9597523219814241,0.9690402476780186,0.9582366589327146,0.9195046439628483,0.9566898685228151,0.9256965944272446,0.9621036349574633,0.934984520123839,0.9566898685228151,3.9579013118360495,1.3346622124771939,0.0177032115697251,0.0020487997295875306
30.010949277877806,5.1771228313446045,0.9344059405940595,0.9585399112630766,"ExtraTreesClassifier(bootstrap=False, class_weight=None, criterion='gini',
           max_depth=12, max_features='log2', max_leaf_nodes=35,
           min_impurity_split=1e-05, min_samples_leaf=3,
           min_samples_split=5, min_weight_fraction_leaf=0.0,
           n_estimators=420, n_jobs=-1, oob_score=False,
           random_state=<mtrand.RandomState object at 0x7f7c7bd5b5e8>,
           verbose=0, warm_start=False)",12,35,3,5,420,243000,53,0.9382716049382716,0.9605263157894737,0.9690402476780186,0.9590100541376644,0.9226006191950464,0.9574632637277649,0.9102167182662538,0.9590100541376644,0.9318885448916409,0.9566898685228151,4.1932554303474,1.1700348795115605,0.01971873434177497,0.0013393804271848253
29.93329210281372,4.50802583694458,0.9313118811881188,0.9594673869059165,"ExtraTreesClassifier(bootstrap=False, class_weight=None, criterion='gini',
           max_depth=12, max_features='log2', max_leaf_nodes=35,
           min_impurity_split=1e-05, min_samples_leaf=3,
           min_samples_split=5, min_weight_fraction_leaf=0.0,
           n_estimators=420, n_jobs=-1, oob_score=False,
           random_state=<mtrand.RandomState object at 0x7f7c7b6fd3a8>,
           verbose=0, warm_start=False)",12,35,3,5,420,253000,86,0.9228395061728395,0.9566563467492261,0.9628482972136223,0.9574632637277649,0.9226006191950464,0.9613302397525135,0.9195046439628483,0.9644238205723125,0.9287925696594427,0.9574632637277649,4.0888889018366275,1.2008955130742207,0.016046156080198246,0.002965515860904912
30.766789197921753,3.8319507598876954,0.9331683168316832,0.9607061361606555,"ExtraTreesClassifier(bootstrap=False, class_weight=None, criterion='gini',
           max_depth=12, max_features='log2', max_leaf_nodes=35,
           min_impurity_split=1e-05, min_samples_leaf=3,
           min_samples_split=5, min_weight_fraction_leaf=0.0,
           n_estimators=420, n_jobs=-1, oob_score=False,
           random_state=<mtrand.RandomState object at 0x7f7c7bf4d828>,
           verbose=0, warm_start=False)",12,35,3,5,420,261000,69,0.9197530864197531,0.9651702786377709,0.9597523219814241,0.9574632637277649,0.9318885448916409,0.9597834493426141,0.9256965944272446,0.9590100541376644,0.9287925696594427,0.9621036349574633,4.686341290292841,1.2697174254138341,0.0138798421466234,0.0026879671780722495
34.29954981803894,3.701053333282471,0.9331683168316832,0.9624076056115449,"ExtraTreesClassifier(bootstrap=False, class_weight=None, criterion='gini',
           max_depth=12, max_features='log2', max_leaf_nodes=35,
           min_impurity_split=1e-05, min_samples_leaf=3,
           min_samples_split=5, min_weight_fraction_leaf=0.0,
           n_estimators=420, n_jobs=-1, oob_score=False,
           random_state=<mtrand.RandomState object at 0x7f7c7ba163a8>,
           verbose=0, warm_start=False)",12,35,3,5,420,276000,69,0.9259259259259259,0.9651702786377709,0.9690402476780186,0.9636504253673627,0.9195046439628483,0.9605568445475638,0.913312693498452,0.9605568445475638,0.9380804953560371,0.9621036349574633,4.065437342706273,1.7860679315341992,0.019714350120802696,0.0017955497423200073
32.931833600997926,3.6359907150268556,0.932549504950495,0.962252806849935,"ExtraTreesClassifier(bootstrap=False, class_weight=None, criterion='gini',
           max_depth=12, max_features='log2', max_leaf_nodes=35,
           min_impurity_split=1e-05, min_samples_leaf=3,
           min_samples_split=5, min_weight_fraction_leaf=0.0,
           n_estimators=420, n_jobs=-1, oob_score=False,
           random_state=<mtrand.RandomState object at 0x7f7c704254c8>,
           verbose=0, warm_start=False)",12,35,3,5,420,279000,76,0.9228395061728395,0.9643962848297214,0.9628482972136223,0.9644238205723125,0.9226006191950464,0.9582366589327146,0.9195046439628483,0.9590100541376644,0.934984520123839,0.9651972157772621,3.160910603930477,1.4290347534154981,0.016042904904587648,0.002987381181230024
31.98071141242981,4.4581958770751955,0.9375,0.9610144167570557,"ExtraTreesClassifier(bootstrap=False, class_weight=None, criterion='gini',
           max_depth=12, max_features='log2', max_leaf_nodes=35,
           min_impurity_split=1e-05, min_samples_leaf=3,
           min_samples_split=5, min_weight_fraction_leaf=0.0,
           n_estimators=420, n_jobs=-1, oob_score=False,
           random_state=<mtrand.RandomState object at 0x7f7c68dd75e8>,
           verbose=0, warm_start=False)",12,35,3,5,420,280000,13,0.9259259259259259,0.958204334365325,0.9690402476780186,0.9590100541376644,0.9318885448916409,0.9636504253673627,0.9164086687306502,0.9636504253673627,0.9442724458204335,0.9605568445475638,3.8356057272499595,1.9419156897373424,0.018167762509669637,0.0022812491171484185
35.13367738723755,4.461228370666504,0.9350247524752475,0.960241260993346,"ExtraTreesClassifier(bootstrap=False, class_weight=None, criterion='gini',
           max_depth=12, max_features='log2', max_leaf_nodes=35,
           min_impurity_split=1e-05, min_samples_leaf=3,
           min_samples_split=5, min_weight_fraction_leaf=0.0,
           n_estimators=420, n_jobs=-1, oob_score=False,
           random_state=<mtrand.RandomState object at 0x7f7c680f03f0>,
           verbose=0, warm_start=False)",12,35,3,5,420,284000,37,0.9290123456790124,0.9597523219814241,0.9628482972136223,0.9566898685228151,0.9226006191950464,0.9621036349574633,0.9195046439628483,0.962877030162413,0.9411764705882353,0.9597834493426141,3.3082489023043022,1.5038436469059766,0.01576526308673692,0.0021668759650471277
38.55732889175415,3.3424986839294433,0.9387376237623762,0.9579205964960169,"ExtraTreesClassifier(bootstrap=False, class_weight=None, criterion='gini',
           max_depth=12, max_features='log2', max_leaf_nodes=35,
           min_impurity_split=1e-05, min_samples_leaf=3,
           min_samples_split=5, min_weight_fraction_leaf=0.0,
           n_estimators=420, n_jobs=-1, oob_score=False,
           random_state=<mtrand.RandomState object at 0x7f7c7112e900>,
           verbose=0, warm_start=False)",12,35,3,5,420,292000,5,0.9382716049382716,0.9566563467492261,0.9721362229102167,0.9636504253673627,0.9195046439628483,0.9574632637277649,0.9195046439628483,0.9566898685228151,0.9442724458204335,0.9551430781129157,2.4336131425007608,0.4881983313031369,0.019416314728849124,0.0029620168564872145
37.109462881088255,3.85598464012146,0.9300742574257426,0.9625626438143948,"ExtraTreesClassifier(bootstrap=False, class_weight=None, criterion='gini',
           max_depth=12, max_features='log2', max_leaf_nodes=35,
           min_impurity_split=1e-05, min_samples_leaf=3,
           min_samples_split=5, min_weight_fraction_leaf=0.0,
           n_estimators=420, n_jobs=-1, oob_score=False,
           random_state=<mtrand.RandomState object at 0x7f7c70cdfa20>,
           verbose=0, warm_start=False)",12,35,3,5,420,299000,95,0.9197530864197531,0.9674922600619195,0.9628482972136223,0.9621036349574633,0.9164086687306502,0.9582366589327146,0.9102167182662538,0.9621036349574633,0.9411764705882353,0.962877030162413,2.421881183064394,1.312543431757446,0.019412144193956996,0.0029507788321623896
35.390721559524536,3.8735278129577635,0.9356435643564357,0.9659658221574133,"ExtraTreesClassifier(bootstrap=False, class_weight=None, criterion='gini',
           max_depth=12, max_features='log2', max_leaf_nodes=35,
           min_impurity_split=1e-05, min_samples_leaf=3,
           min_samples_split=5, min_weight_fraction_leaf=0.0,
           n_estimators=420, n_jobs=-1, oob_score=False,
           random_state=<mtrand.RandomState object at 0x7f7c7074db40>,
           verbose=0, warm_start=False)",12,35,3,5,420,303000,33,0.9228395061728395,0.9690402476780186,0.9597523219814241,0.9675174013921114,0.934984520123839,0.962877030162413,0.9195046439628483,0.9644238205723125,0.9411764705882353,0.9659706109822119,3.4613999715718995,1.512577344677528,0.014398291423034752,0.0021807300710069374
35.835454273223874,4.373846578598022,0.9337871287128713,0.9627167242522848,"ExtraTreesClassifier(bootstrap=False, class_weight=None, criterion='gini',
           max_depth=12, max_features='log2', max_leaf_nodes=35,
           min_impurity_split=1e-05, min_samples_leaf=3,
           min_samples_split=5, min_weight_fraction_leaf=0.0,
           n_estimators=420, n_jobs=-1, oob_score=False,
           random_state=<mtrand.RandomState object at 0x7f7c70227c60>,
           verbose=0, warm_start=False)",12,35,3,5,420,304000,64,0.9320987654320988,0.9636222910216719,0.9628482972136223,0.9659706109822119,0.9226006191950464,0.9574632637277649,0.9164086687306502,0.9613302397525135,0.934984520123839,0.9651972157772621,2.992129945116606,1.6650017928955645,0.015969996388712125,0.003068610597038769
37.11015634536743,4.297611570358276,0.9350247524752475,0.9622518490849753,"ExtraTreesClassifier(bootstrap=False, class_weight=None, criterion='gini',
           max_depth=12, max_features='log2', max_leaf_nodes=35,
           min_impurity_split=1e-05, min_samples_leaf=3,
           min_samples_split=5, min_weight_fraction_leaf=0.0,
           n_estimators=420, n_jobs=-1, oob_score=False,
           random_state=<mtrand.RandomState object at 0x7f7c696ded80>,
           verbose=0, warm_start=False)",12,35,3,5,420,314000,37,0.9228395061728395,0.958204334365325,0.9659442724458205,0.9682907965970611,0.9287925696594427,0.9644238205723125,0.9164086687306502,0.9605568445475638,0.9411764705882353,0.9597834493426141,2.124264486567132,1.308725984761691,0.017477146669179777,0.0036478695226461314
37.24019589424133,3.4741239070892336,0.9362623762376238,0.9599325015144657,"ExtraTreesClassifier(bootstrap=False, class_weight=None, criterion='gini',
           max_depth=12, max_features='log2', max_leaf_nodes=35,
           min_impurity_split=1e-05, min_samples_leaf=3,
           min_samples_split=5, min_weight_fraction_leaf=0.0,
           n_estimators=420, n_jobs=-1, oob_score=False,
           random_state=<mtrand.RandomState object at 0x7f7c691f6dc8>,
           verbose=0, warm_start=False)",12,35,3,5,420,319000,24,0.9259259259259259,0.9636222910216719,0.9690402476780186,0.9597834493426141,0.934984520123839,0.9566898685228151,0.9164086687306502,0.9597834493426141,0.934984520123839,0.9597834493426141,2.292131281627682,1.0337953455982125,0.017765248514786038,0.0021998120363263063
36.858935022354125,3.246042823791504,0.9350247524752475,0.9628722413376145,"ExtraTreesClassifier(bootstrap=False, class_weight=None, criterion='gini',
           max_depth=12, max_features='log2', max_leaf_nodes=35,
           min_impurity_split=1e-05, min_samples_leaf=3,
           min_samples_split=5, min_weight_fraction_leaf=0.0,
           n_estimators=420, n_jobs=-1, oob_score=False,
           random_state=<mtrand.RandomState object at 0x7f7c68c6aee8>,
           verbose=0, warm_start=False)",12,35,3,5,420,320000,37,0.9166666666666666,0.9690402476780186,0.9659442724458205,0.9590100541376644,0.9287925696594427,0.9605568445475638,0.9256965944272446,0.9613302397525135,0.9380804953560371,0.9644238205723125,2.215861948223916,0.6225443562719625,0.016901995046267215,0.003552661579382416
37.24105200767517,3.6666618824005126,0.9375,0.9633348418131448,"ExtraTreesClassifier(bootstrap=False, class_weight=None, criterion='gini',
           max_depth=12, max_features='log2', max_leaf_nodes=35,
           min_impurity_split=1e-05, min_samples_leaf=3,
           min_samples_split=5, min_weight_fraction_leaf=0.0,
           n_estimators=420, n_jobs=-1, oob_score=False,
           random_state=<mtrand.RandomState object at 0x7f7c68332048>,
           verbose=0, warm_start=False)",12,35,3,5,420,322000,13,0.9259259259259259,0.9597523219814241,0.9659442724458205,0.9636504253673627,0.9226006191950464,0.9613302397525135,0.9287925696594427,0.9659706109822119,0.9442724458204335,0.9659706109822119,2.2076675500110996,0.9081527170569066,0.016039519843839507,0.0024838288576736326
37.87329988479614,3.994584846496582,0.9362623762376238,0.9639546354626842,"ExtraTreesClassifier(bootstrap=False, class_weight=None, criterion='gini',
           max_depth=12, max_features='log2', max_leaf_nodes=35,
           min_impurity_split=1e-05, min_samples_leaf=3,
           min_samples_split=5, min_weight_fraction_leaf=0.0,
           n_estimators=420, n_jobs=-1, oob_score=False,
           random_state=<mtrand.RandomState object at 0x7f7c68332dc8>,
           verbose=0, warm_start=False)",12,35,3,5,420,323000,24,0.9228395061728395,0.9667182662538699,0.9659442724458205,0.9613302397525135,0.9287925696594427,0.9636504253673627,0.9195046439628483,0.9621036349574633,0.9442724458204335,0.9659706109822119,3.7324958969096587,1.1905168285376133,0.017097496908766937,0.0021027606588154835
38.06673164367676,3.580968141555786,0.9399752475247525,0.9651914691875041,"ExtraTreesClassifier(bootstrap=False, class_weight=None, criterion='gini',
           max_depth=12, max_features='log2', max_leaf_nodes=35,
           min_impurity_split=1e-05, min_samples_leaf=3,
           min_samples_split=5, min_weight_fraction_leaf=0.0,
           n_estimators=420, n_jobs=-1, oob_score=False,
           random_state=<mtrand.RandomState object at 0x7f7c787af318>,
           verbose=0, warm_start=False)",12,35,3,5,420,325000,1,0.9351851851851852,0.9628482972136223,0.9566563467492261,0.9651972157772621,0.9195046439628483,0.9636504253673627,0.9380804953560371,0.9706109822119103,0.9504643962848297,0.9636504253673627,4.12571993057323,0.9487510317962345,0.012910590187589069,0.002814648875273075
36.96317710876465,3.651694107055664,0.9362623762376238,0.9633353206956248,"ExtraTreesClassifier(bootstrap=False, class_weight=None, criterion='gini',
           max_depth=12, max_features='log2', max_leaf_nodes=35,
           min_impurity_split=1e-05, min_samples_leaf=3,
           min_samples_split=5, min_weight_fraction_leaf=0.0,
           n_estimators=420, n_jobs=-1, oob_score=False,
           random_state=<mtrand.RandomState object at 0x7f7c78353438>,
           verbose=0, warm_start=False)",12,35,3,5,420,327000,24,0.941358024691358,0.9628482972136223,0.9566563467492261,0.9605568445475638,0.913312693498452,0.9605568445475638,0.9318885448916409,0.9644238205723125,0.9380804953560371,0.9682907965970611,1.3980551795218361,0.9287221849215599,0.01407459169159582,0.002878146093372392
36.38330974578857,3.678867292404175,0.9344059405940595,0.9642637541034244,"ExtraTreesClassifier(bootstrap=False, class_weight=None, criterion='gini',
           max_depth=12, max_features='log2', max_leaf_nodes=35,
           min_impurity_split=1e-05, min_samples_leaf=3,
           min_samples_split=5, min_weight_fraction_leaf=0.0,
           n_estimators=420, n_jobs=-1, oob_score=False,
           random_state=<mtrand.RandomState object at 0x7f7c716fd558>,
           verbose=0, warm_start=False)",12,35,3,5,420,329000,53,0.9290123456790124,0.9651702786377709,0.9690402476780186,0.9621036349574633,0.9226006191950464,0.962877030162413,0.9195046439628483,0.9651972157772621,0.9318885448916409,0.9659706109822119,0.8357985001796708,0.8291435008247768,0.017863257152410314,0.001496369997419243
35.20279788970947,3.488607931137085,0.9350247524752475,0.963025483731165,"ExtraTreesClassifier(bootstrap=False, class_weight=None, criterion='gini',
           max_depth=12, max_features='log2', max_leaf_nodes=35,
           min_impurity_split=1e-05, min_samples_leaf=3,
           min_samples_split=5, min_weight_fraction_leaf=0.0,
           n_estimators=420, n_jobs=-1, oob_score=False,
           random_state=<mtrand.RandomState object at 0x7f7c78724678>,
           verbose=0, warm_start=False)",12,35,3,5,420,333000,37,0.9135802469135802,0.9597523219814241,0.9721362229102167,0.9644238205723125,0.9256965944272446,0.9613302397525135,0.934984520123839,0.9667440061871616,0.9287925696594427,0.962877030162413,1.4223249439524621,0.8912958740963282,0.01981510760875364,0.002424550829587094
36.522189903259275,3.9953846454620363,0.9356435643564357,0.9636447984982246,"ExtraTreesClassifier(bootstrap=False, class_weight=None, criterion='gini',
           max_depth=12, max_features='log2', max_leaf_nodes=35,
           min_impurity_split=1e-05, min_samples_leaf=3,
           min_samples_split=5, min_weight_fraction_leaf=0.0,
           n_estimators=420, n_jobs=-1, oob_score=False,
           random_state=<mtrand.RandomState object at 0x7f7c78375798>,
           verbose=0, warm_start=False)",12,35,3,5,420,340000,33,0.941358024691358,0.9636222910216719,0.9659442724458205,0.9644238205723125,0.9195046439628483,0.9582366589327146,0.9318885448916409,0.9659706109822119,0.9195046439628483,0.9659706109822119,1.9966115171105772,0.936593553507718,0.01723368351128461,0.002852162791980652
35.36624517440796,3.0374294757843017,0.9350247524752475,0.963025244289925,"ExtraTreesClassifier(bootstrap=False, class_weight=None, criterion='gini',
           max_depth=12, max_features='log2', max_leaf_nodes=35,
           min_impurity_split=1e-05, min_samples_leaf=3,
           min_samples_split=5, min_weight_fraction_leaf=0.0,
           n_estimators=420, n_jobs=-1, oob_score=False,
           random_state=<mtrand.RandomState object at 0x7f7c7190c708>,
           verbose=0, warm_start=False)",12,35,3,5,420,341000,37,0.9259259259259259,0.958204334365325,0.9690402476780186,0.9636504253673627,0.9380804953560371,0.9636504253673627,0.913312693498452,0.9659706109822119,0.9287925696594427,0.9636504253673627,2.3401128439734578,0.5704971777631886,0.018754205529251715,0.0025725050667354593
35.16935214996338,3.8711428165435793,0.932549504950495,0.9645738305091239,"ExtraTreesClassifier(bootstrap=False, class_weight=None, criterion='gini',
           max_depth=12, max_features='log2', max_leaf_nodes=35,
           min_impurity_split=1e-05, min_samples_leaf=3,
           min_samples_split=5, min_weight_fraction_leaf=0.0,
           n_estimators=420, n_jobs=-1, oob_score=False,
           random_state=<mtrand.RandomState object at 0x7f7c7164b948>,
           verbose=0, warm_start=False)",12,35,3,5,420,342000,76,0.9320987654320988,0.9698142414860681,0.9504643962848297,0.9597834493426141,0.9226006191950464,0.9651972157772621,0.9256965944272446,0.9651972157772621,0.9318885448916409,0.962877030162413,1.9080199676626004,0.7410419302417722,0.009666823616532837,0.0032883433132625075
39.076131677627565,3.3604336738586427,0.9344059405940595,0.9638003155835543,"ExtraTreesClassifier(bootstrap=False, class_weight=None, criterion='gini',
           max_depth=12, max_features='log2', max_leaf_nodes=35,
           min_impurity_split=1e-05, min_samples_leaf=3,
           min_samples_split=5, min_weight_fraction_leaf=0.0,
           n_estimators=420, n_jobs=-1, oob_score=False,
           random_state=<mtrand.RandomState object at 0x7f7c73fb4a68>,
           verbose=0, warm_start=False)",12,35,3,5,420,343000,53,0.9228395061728395,0.9690402476780186,0.978328173374613,0.9605568445475638,0.9256965944272446,0.9613302397525135,0.913312693498452,0.9659706109822119,0.9318885448916409,0.9621036349574633,2.366820174110166,0.7176274567056187,0.02275465303303278,0.003214566054427385
35.786437606811525,3.979527235031128,0.9350247524752475,0.9607062558812756,"ExtraTreesClassifier(bootstrap=False, class_weight=None, criterion='gini',
           max_depth=12, max_features='log2', max_leaf_nodes=35,
           min_impurity_split=1e-05, min_samples_leaf=3,
           min_samples_split=5, min_weight_fraction_leaf=0.0,
           n_estimators=420, n_jobs=-1, oob_score=False,
           random_state=<mtrand.RandomState object at 0x7f7c73eadb88>,
           verbose=0, warm_start=False)",12,35,3,5,420,346000,37,0.9290123456790124,0.9659442724458205,0.9690402476780186,0.9582366589327146,0.913312693498452,0.9535962877030162,0.9195046439628483,0.9613302397525135,0.9442724458204335,0.9644238205723125,2.227278489553878,0.933560526188469,0.01994938516052064,0.004433892583684431
36.82504053115845,3.828414487838745,0.931930693069307,0.9631807613752545,"ExtraTreesClassifier(bootstrap=False, class_weight=None, criterion='gini',
           max_depth=12, max_features='log2', max_leaf_nodes=35,
           min_impurity_split=1e-05, min_samples_leaf=3,
           min_samples_split=5, min_weight_fraction_leaf=0.0,
           n_estimators=420, n_jobs=-1, oob_score=False,
           random_state=<mtrand.RandomState object at 0x7f7c73da6ca8>,
           verbose=0, warm_start=False)",12,35,3,5,420,358000,82,0.9320987654320988,0.9636222910216719,0.9504643962848297,0.9566898685228151,0.9226006191950464,0.9644238205723125,0.9226006191950464,0.9651972157772621,0.9318885448916409,0.9659706109822119,1.8975173268975443,0.989341586041184,0.010171612549218478,0.003338298482841848
38.92030744552612,4.129917621612549,0.9294554455445545,0.9637987592154948,"ExtraTreesClassifier(bootstrap=False, class_weight=None, criterion='gini',
           max_depth=12, max_features='log2', max_leaf_nodes=35,
           min_impurity_split=1e-05, min_samples_leaf=3,
           min_samples_split=5, min_weight_fraction_leaf=0.0,
           n_estimators=420, n_jobs=-1, oob_score=False,
           random_state=<mtrand.RandomState object at 0x7f7c73cf8dc8>,
           verbose=0, warm_start=False)",12,35,3,5,420,359000,99,0.9259259259259259,0.9589783281733746,0.9597523219814241,0.962877030162413,0.9226006191950464,0.9675174013921114,0.913312693498452,0.9605568445475638,0.9256965944272446,0.9690641918020109,2.2012800657788745,0.9160711189917935,0.015819785284349963,0.0039025435437451362
39.02857956886292,3.477988767623901,0.9331683168316832,0.9658110233958036,"ExtraTreesClassifier(bootstrap=False, class_weight=None, criterion='gini',
           max_depth=12, max_features='log2', max_leaf_nodes=35,
           min_impurity_split=1e-05, min_samples_leaf=3,
           min_samples_split=5, min_weight_fraction_leaf=0.0,
           n_estimators=420, n_jobs=-1, oob_score=False,
           random_state=<mtrand.RandomState object at 0x7f7c73befee8>,
           verbose=0, warm_start=False)",12,35,3,5,420,367000,69,0.9259259259259259,0.968266253869969,0.9597523219814241,0.962877030162413,0.9318885448916409,0.9644238205723125,0.9164086687306502,0.9675174013921114,0.9318885448916409,0.9659706109822119,2.3644381773754586,0.5122437133308935,0.014441881195884685,0.0019747404240746773
39.05341835021973,3.301470232009888,0.9344059405940595,0.962252447688075,"ExtraTreesClassifier(bootstrap=False, class_weight=None, criterion='gini',
           max_depth=12, max_features='log2', max_leaf_nodes=35,
           min_impurity_split=1e-05, min_samples_leaf=3,
           min_samples_split=5, min_weight_fraction_leaf=0.0,
           n_estimators=420, n_jobs=-1, oob_score=False,
           random_state=<mtrand.RandomState object at 0x7f7c73a32048>,
           verbose=0, warm_start=False)",12,35,3,5,420,368000,53,0.9320987654320988,0.9620743034055728,0.9752321981424149,0.9667440061871616,0.9164086687306502,0.9590100541376644,0.9226006191950464,0.9621036349574633,0.9256965944272446,0.9613302397525135,2.759294691394368,0.7866342728522439,0.021023199650777438,0.002513625341098169
35.66230659484863,3.4293869018554686,0.9331683168316832,0.9642632752209443,"ExtraTreesClassifier(bootstrap=False, class_weight=None, criterion='gini',
           max_depth=12, max_features='log2', max_leaf_nodes=35,
           min_impurity_split=1e-05, min_samples_leaf=3,
           min_samples_split=5, min_weight_fraction_leaf=0.0,
           n_estimators=420, n_jobs=-1, oob_score=False,
           random_state=<mtrand.RandomState object at 0x7f7c7392a4c8>,
           verbose=0, warm_start=False)",12,35,3,5,420,370000,69,0.9197530864197531,0.9620743034055728,0.9659442724458205,0.962877030162413,0.9256965944272446,0.9667440061871616,0.9226006191950464,0.9675174013921114,0.9318885448916409,0.9621036349574633,3.3418822938402952,0.647179554886336,0.01687037872655813,0.002371526188051304
35.14124536514282,3.22377667427063,0.9306930693069307,0.965346028507874,"ExtraTreesClassifier(bootstrap=False, class_weight=None, criterion='gini',
           max_depth=12, max_features='log2', max_leaf_nodes=35,
           min_impurity_split=1e-05, min_samples_leaf=3,
           min_samples_split=5, min_weight_fraction_leaf=0.0,
           n_estimators=420, n_jobs=-1, oob_score=False,
           random_state=<mtrand.RandomState object at 0x7f7c7392af78>,
           verbose=0, warm_start=False)",12,35,3,5,420,371000,89,0.9197530864197531,0.9620743034055728,0.9597523219814241,0.9636504253673627,0.9195046439628483,0.9621036349574633,0.9226006191950464,0.97138437741686,0.9318885448916409,0.9675174013921114,4.990271125794507,0.6332463084589393,0.015204446636133524,0.0036130012133941698
35.632433605194095,3.0275025844573973,0.9300742574257426,0.9655019047550637,"ExtraTreesClassifier(bootstrap=False, class_weight=None, criterion='gini',
           max_depth=12, max_features='log2', max_leaf_nodes=35,
           min_impurity_split=1e-05, min_samples_leaf=3,
           min_samples_split=5, min_weight_fraction_leaf=0.0,
           n_estimators=420, n_jobs=-1, oob_score=False,
           random_state=<mtrand.RandomState object at 0x7f7c7376e480>,
           verbose=0, warm_start=False)",12,35,3,5,420,375000,95,0.9228395061728395,0.9698142414860681,0.9628482972136223,0.9682907965970611,0.9164086687306502,0.9651972157772621,0.9195046439628483,0.9613302397525135,0.9287925696594427,0.962877030162413,3.293196465749517,0.43116438917751276,0.01688707337252079,0.003186212694776295
35.410361003875735,3.0669178009033202,0.9368811881188119,0.9644191514681338,"ExtraTreesClassifier(bootstrap=False, class_weight=None, criterion='gini',
           max_depth=12, max_features='log2', max_leaf_nodes=35,
           min_impurity_split=1e-05, min_samples_leaf=3,
           min_samples_split=5, min_weight_fraction_leaf=0.0,
           n_estimators=420, n_jobs=-1, oob_score=False,
           random_state=<mtrand.RandomState object at 0x7f7c736673a8>,
           verbose=0, warm_start=False)",12,35,3,5,420,381000,18,0.9228395061728395,0.9698142414860681,0.9721362229102167,0.9582366589327146,0.9411764705882353,0.9621036349574633,0.9226006191950464,0.9698375870069605,0.9256965944272446,0.9621036349574633,2.8348197454049613,0.4880140400400212,0.018905393048648026,0.004634930147541049
35.14346694946289,3.4622310638427733,0.9375,0.9662745816362935,"ExtraTreesClassifier(bootstrap=False, class_weight=None, criterion='gini',
           max_depth=12, max_features='log2', max_leaf_nodes=35,
           min_impurity_split=1e-05, min_samples_leaf=3,
           min_samples_split=5, min_weight_fraction_leaf=0.0,
           n_estimators=420, n_jobs=-1, oob_score=False,
           random_state=<mtrand.RandomState object at 0x7f7c735655e8>,
           verbose=0, warm_start=False)",12,35,3,5,420,388000,13,0.9382716049382716,0.9651702786377709,0.9721362229102167,0.9682907965970611,0.9256965944272446,0.9675174013921114,0.9195046439628483,0.9651972157772621,0.9318885448916409,0.9651972157772621,2.3394622861727448,0.8968885993035111,0.018405748976414754,0.0013528224727903462
36.41356763839722,3.6983071327209474,0.9344059405940595,0.9650364309846541,"ExtraTreesClassifier(bootstrap=False, class_weight=None, criterion='gini',
           max_depth=12, max_features='log2', max_leaf_nodes=35,
           min_impurity_split=1e-05, min_samples_leaf=3,
           min_samples_split=5, min_weight_fraction_leaf=0.0,
           n_estimators=420, n_jobs=-1, oob_score=False,
           random_state=<mtrand.RandomState object at 0x7f7c734af708>,
           verbose=0, warm_start=False)",12,35,3,5,420,391000,53,0.9320987654320988,0.9605263157894737,0.9752321981424149,0.9651972157772621,0.9226006191950464,0.9667440061871616,0.9102167182662538,0.9682907965970611,0.9318885448916409,0.9644238205723125,3.7692645258652346,0.8230956187224053,0.021915552667168044,0.002617211911637129
36.093272066116334,3.553921842575073,0.9350247524752475,0.9664296198391433,"ExtraTreesClassifier(bootstrap=False, class_weight=None, criterion='gini',
           max_depth=12, max_features='log2', max_leaf_nodes=35,
           min_impurity_split=1e-05, min_samples_leaf=3,
           min_samples_split=5, min_weight_fraction_leaf=0.0,
           n_estimators=420, n_jobs=-1, oob_score=False,
           random_state=<mtrand.RandomState object at 0x7f7c733a7828>,
           verbose=0, warm_start=False)",12,35,3,5,420,397000,37,0.9351851851851852,0.9674922600619195,0.9628482972136223,0.9651972157772621,0.9164086687306502,0.9659706109822119,0.9287925696594427,0.9667440061871616,0.9318885448916409,0.9667440061871616,1.9474107711302144,1.029577599300372,0.015288468137981093,0.0007818427843479753
35.8514883518219,3.994500160217285,0.9393564356435643,0.962562164931915,"ExtraTreesClassifier(bootstrap=False, class_weight=None, criterion='gini',
           max_depth=12, max_features='log2', max_leaf_nodes=35,
           min_impurity_split=1e-05, min_samples_leaf=3,
           min_samples_split=5, min_weight_fraction_leaf=0.0,
           n_estimators=420, n_jobs=-1, oob_score=False,
           random_state=<mtrand.RandomState object at 0x7f7c732a1948>,
           verbose=0, warm_start=False)",12,35,3,5,420,399000,3,0.9382716049382716,0.9643962848297214,0.9628482972136223,0.9613302397525135,0.9318885448916409,0.9667440061871616,0.9226006191950464,0.9613302397525135,0.9411764705882353,0.9590100541376644,3.2152659352037256,0.98363064603741,0.01335915293898999,0.0027020200766659877
36.35975794792175,3.617934322357178,0.9337871287128713,0.9633361587399645,"ExtraTreesClassifier(bootstrap=False, class_weight=None, criterion='gini',
           max_depth=12, max_features='log2', max_leaf_nodes=35,
           min_impurity_split=1e-05, min_samples_leaf=3,
           min_samples_split=5, min_weight_fraction_leaf=0.0,
           n_estimators=420, n_jobs=-1, oob_score=False,
           random_state=<mtrand.RandomState object at 0x7f7c731edaf8>,
           verbose=0, warm_start=False)",12,35,3,5,420,403000,64,0.9351851851851852,0.968266253869969,0.9690402476780186,0.9636504253673627,0.9195046439628483,0.9574632637277649,0.9287925696594427,0.9667440061871616,0.9164086687306502,0.9605568445475638,1.737799273312925,0.8770118745684483,0.018839267792040065,0.003955591205667156
36.21616916656494,3.4981743812561037,0.9375,0.9659648643924538,"ExtraTreesClassifier(bootstrap=False, class_weight=None, criterion='gini',
           max_depth=12, max_features='log2', max_leaf_nodes=35,
           min_impurity_split=1e-05, min_samples_leaf=3,
           min_samples_split=5, min_weight_fraction_leaf=0.0,
           n_estimators=420, n_jobs=-1, oob_score=False,
           random_state=<mtrand.RandomState object at 0x7f7c730e38b8>,
           verbose=0, warm_start=False)",12,35,3,5,420,407000,13,0.9290123456790124,0.9628482972136223,0.9504643962848297,0.9667440061871616,0.9256965944272446,0.9621036349574633,0.934984520123839,0.9706109822119103,0.9473684210526315,0.9675174013921114,5.177112100682499,0.674332913540604,0.00982927791117347,0.0031377038609035264
38.30903720855713,3.3425370693206786,0.9337871287128713,0.9664297395597634,"ExtraTreesClassifier(bootstrap=False, class_weight=None, criterion='gini',
           max_depth=12, max_features='log2', max_leaf_nodes=35,
           min_impurity_split=1e-05, min_samples_leaf=3,
           min_samples_split=5, min_weight_fraction_leaf=0.0,
           n_estimators=420, n_jobs=-1, oob_score=False,
           random_state=<mtrand.RandomState object at 0x7f7c72fddd38>,
           verbose=0, warm_start=False)",12,35,3,5,420,412000,64,0.9166666666666666,0.968266253869969,0.9597523219814241,0.9636504253673627,0.9287925696594427,0.9621036349574633,0.9256965944272446,0.9690641918020109,0.9380804953560371,0.9690641918020109,3.3527771314770005,0.5374334020655668,0.014672271934616683,0.002956120107677543
38.774525213241574,3.201464366912842,0.9381188118811881,0.9665844186007533,"ExtraTreesClassifier(bootstrap=False, class_weight=None, criterion='gini',
           max_depth=12, max_features='log2', max_leaf_nodes=35,
           min_impurity_split=1e-05, min_samples_leaf=3,
           min_samples_split=5, min_weight_fraction_leaf=0.0,
           n_estimators=420, n_jobs=-1, oob_score=False,
           random_state=<mtrand.RandomState object at 0x7f7c72f2aee8>,
           verbose=0, warm_start=False)",12,35,3,5,420,416000,7,0.9259259259259259,0.968266253869969,0.9690402476780186,0.9613302397525135,0.9256965944272446,0.9698375870069605,0.9318885448916409,0.9729311678267595,0.9380804953560371,0.9605568445475638,4.0352918712536665,0.4877559550219668,0.016109547783247965,0.00485038028665188
38.35985469818115,3.2094823360443114,0.9362623762376238,0.9644184331444142,"ExtraTreesClassifier(bootstrap=False, class_weight=None, criterion='gini',
           max_depth=12, max_features='log2', max_leaf_nodes=35,
           min_impurity_split=1e-05, min_samples_leaf=3,
           min_samples_split=5, min_weight_fraction_leaf=0.0,
           n_estimators=420, n_jobs=-1, oob_score=False,
           random_state=<mtrand.RandomState object at 0x7f7c72d70048>,
           verbose=0, warm_start=False)",12,35,3,5,420,417000,24,0.9351851851851852,0.9651702786377709,0.9628482972136223,0.9644238205723125,0.9164086687306502,0.9667440061871616,0.913312693498452,0.9644238205723125,0.9535603715170279,0.9613302397525135,3.229558034264492,0.1813130982698845,0.01963089557316462,0.0017612812437298015
40.14466772079468,4.4675304889678955,0.9275990099009901,0.9665840594388934,"ExtraTreesClassifier(bootstrap=False, class_weight=None, criterion='gini',
           max_depth=12, max_features='log2', max_leaf_nodes=35,
           min_impurity_split=1e-05, min_samples_leaf=3,
           min_samples_split=5, min_weight_fraction_leaf=0.0,
           n_estimators=420, n_jobs=-1, oob_score=False,
           random_state=<mtrand.RandomState object at 0x7f7c72c69168>,
           verbose=0, warm_start=False)",12,35,3,5,420,419000,105,0.9197530864197531,0.9659442724458205,0.9659442724458205,0.9690641918020109,0.9195046439628483,0.9644238205723125,0.9102167182662538,0.9690641918020109,0.9226006191950464,0.9644238205723125,1.914470296068967,0.8609297265212779,0.019614096611122768,0.002099747813193019
45.27130389213562,3.8327791690826416,0.932549504950495,0.9662737435919538,"ExtraTreesClassifier(bootstrap=False, class_weight=None, criterion='gini',
           max_depth=12, max_features='log2', max_leaf_nodes=35,
           min_impurity_split=1e-05, min_samples_leaf=3,
           min_samples_split=5, min_weight_fraction_leaf=0.0,
           n_estimators=420, n_jobs=-1, oob_score=False,
           random_state=<mtrand.RandomState object at 0x7f7c72b60288>,
           verbose=0, warm_start=False)",12,35,3,5,420,421000,76,0.9320987654320988,0.9597523219814241,0.9597523219814241,0.9651972157772621,0.9226006191950464,0.9698375870069605,0.9256965944272446,0.97138437741686,0.9226006191950464,0.9651972157772621,4.60509749802014,1.209591528711579,0.014032180754992008,0.004090631297803688
38.37632389068604,3.428982305526733,0.931930693069307,0.9634902391778546,"ExtraTreesClassifier(bootstrap=False, class_weight=None, criterion='gini',
           max_depth=12, max_features='log2', max_leaf_nodes=35,
           min_impurity_split=1e-05, min_samples_leaf=3,
           min_samples_split=5, min_weight_fraction_leaf=0.0,
           n_estimators=420, n_jobs=-1, oob_score=False,
           random_state=<mtrand.RandomState object at 0x7f7c72aaa3a8>,
           verbose=0, warm_start=False)",12,35,3,5,420,424000,82,0.9259259259259259,0.9643962848297214,0.9628482972136223,0.9636504253673627,0.9226006191950464,0.9605568445475638,0.9226006191950464,0.9675174013921114,0.9256965944272446,0.9613302397525135,3.4670721513496465,0.9382167029799123,0.015519574489864758,0.0024631287182364605
36.830386304855345,3.4339972019195555,0.9263613861386139,0.9637999564216944,"ExtraTreesClassifier(bootstrap=False, class_weight=None, criterion='gini',
           max_depth=12, max_features='log2', max_leaf_nodes=35,
           min_impurity_split=1e-05, min_samples_leaf=3,
           min_samples_split=5, min_weight_fraction_leaf=0.0,
           n_estimators=420, n_jobs=-1, oob_score=False,
           random_state=<mtrand.RandomState object at 0x7f7c729a8288>,
           verbose=0, warm_start=False)",12,35,3,5,420,426000,111,0.9259259259259259,0.9667182662538699,0.9659442724458205,0.962877030162413,0.9164086687306502,0.9621036349574633,0.9071207430340558,0.9667440061871616,0.9164086687306502,0.9605568445475638,1.8860030344389476,0.7368819833045143,0.020659086427941165,0.002507230955310207
37.80948672294617,4.536600065231323,0.9344059405940595,0.9631811205371147,"ExtraTreesClassifier(bootstrap=False, class_weight=None, criterion='gini',
           max_depth=12, max_features='log2', max_leaf_nodes=35,
           min_impurity_split=1e-05, min_samples_leaf=3,
           min_samples_split=5, min_weight_fraction_leaf=0.0,
           n_estimators=420, n_jobs=-1, oob_score=False,
           random_state=<mtrand.RandomState object at 0x7f7c7289f4c8>,
           verbose=0, warm_start=False)",12,35,3,5,420,427000,53,0.9290123456790124,0.9659442724458205,0.9597523219814241,0.9566898685228151,0.9195046439628483,0.962877030162413,0.9287925696594427,0.9675174013921114,0.934984520123839,0.962877030162413,2.150255591990532,0.9359885573564679,0.01360103371309525,0.00370835906430637
40.55893168449402,3.970280075073242,0.9350247524752475,0.9645725135823044,"ExtraTreesClassifier(bootstrap=False, class_weight=None, criterion='gini',
           max_depth=12, max_features='log2', max_leaf_nodes=35,
           min_impurity_split=1e-05, min_samples_leaf=3,
           min_samples_split=5, min_weight_fraction_leaf=0.0,
           n_estimators=420, n_jobs=-1, oob_score=False,
           random_state=<mtrand.RandomState object at 0x7f7c7279a5e8>,
           verbose=0, warm_start=False)",12,35,3,5,420,432000,37,0.9259259259259259,0.9613003095975232,0.9659442724458205,0.9597834493426141,0.9256965944272446,0.9682907965970611,0.9287925696594427,0.9690641918020109,0.9287925696594427,0.9644238205723125,2.8831322926674945,1.0194188042149666,0.015511360420530883,0.003678732570555587
40.7180438041687,4.950173568725586,0.9375,0.965655386589854,"ExtraTreesClassifier(bootstrap=False, class_weight=None, criterion='gini',
           max_depth=12, max_features='log2', max_leaf_nodes=35,
           min_impurity_split=1e-05, min_samples_leaf=3,
           min_samples_split=5, min_weight_fraction_leaf=0.0,
           n_estimators=420, n_jobs=-1, oob_score=False,
           random_state=<mtrand.RandomState object at 0x7f7c726e3708>,
           verbose=0, warm_start=False)",12,35,3,5,420,434000,13,0.9290123456790124,0.9620743034055728,0.9752321981424149,0.9682907965970611,0.9226006191950464,0.9636504253673627,0.9256965944272446,0.9644238205723125,0.934984520123839,0.9698375870069605,1.0088824316971805,0.8906779924597596,0.019300095474946412,0.0029256441125650344
42.24279870986938,4.009726238250733,0.9337871287128713,0.9675126125673129,"ExtraTreesClassifier(bootstrap=False, class_weight=None, criterion='gini',
           max_depth=12, max_features='log2', max_leaf_nodes=35,
           min_impurity_split=1e-05, min_samples_leaf=3,
           min_samples_split=5, min_weight_fraction_leaf=0.0,
           n_estimators=420, n_jobs=-1, oob_score=False,
           random_state=<mtrand.RandomState object at 0x7f7c725dc828>,
           verbose=0, warm_start=False)",12,35,3,5,420,441000,64,0.9259259259259259,0.9690402476780186,0.9566563467492261,0.9698375870069605,0.9195046439628483,0.9667440061871616,0.9256965944272446,0.9667440061871616,0.9411764705882353,0.9651972157772621,2.470920228857192,1.0215948092526586,0.01347944311981032,0.0016900739041279494
40.95832605361939,4.2328901290893555,0.9356435643564357,0.9637991183773547,"ExtraTreesClassifier(bootstrap=False, class_weight=None, criterion='gini',
           max_depth=12, max_features='log2', max_leaf_nodes=35,
           min_impurity_split=1e-05, min_samples_leaf=3,
           min_samples_split=5, min_weight_fraction_leaf=0.0,
           n_estimators=420, n_jobs=-1, oob_score=False,
           random_state=<mtrand.RandomState object at 0x7f7c724d4948>,
           verbose=0, warm_start=False)",12,35,3,5,420,442000,33,0.9228395061728395,0.9613003095975232,0.9659442724458205,0.9644238205723125,0.934984520123839,0.9651972157772621,0.913312693498452,0.9621036349574633,0.9411764705882353,0.9659706109822119,1.6304829295806604,1.3790568916864734,0.017951611943096867,0.0017988339917986939
40.6602578163147,4.618223762512207,0.9331683168316832,0.9644186725856541,"ExtraTreesClassifier(bootstrap=False, class_weight=None, criterion='gini',
           max_depth=12, max_features='log2', max_leaf_nodes=35,
           min_impurity_split=1e-05, min_samples_leaf=3,
           min_samples_split=5, min_weight_fraction_leaf=0.0,
           n_estimators=420, n_jobs=-1, oob_score=False,
           random_state=<mtrand.RandomState object at 0x7f7c72422a68>,
           verbose=0, warm_start=False)",12,35,3,5,420,450000,69,0.9197530864197531,0.9667182662538699,0.9597523219814241,0.9605568445475638,0.9256965944272446,0.9636504253673627,0.9256965944272446,0.9621036349574633,0.934984520123839,0.9690641918020109,4.498991172661909,1.217040913855283,0.014153208931029618,0.0030897345721783284
42.067505025863646,3.9577392101287843,0.932549504950495,0.9648821111055241,"ExtraTreesClassifier(bootstrap=False, class_weight=None, criterion='gini',
           max_depth=12, max_features='log2', max_leaf_nodes=35,
           min_impurity_split=1e-05, min_samples_leaf=3,
           min_samples_split=5, min_weight_fraction_leaf=0.0,
           n_estimators=420, n_jobs=-1, oob_score=False,
           random_state=<mtrand.RandomState object at 0x7f7c7231db88>,
           verbose=0, warm_start=False)",12,35,3,5,420,458000,76,0.9320987654320988,0.9628482972136223,0.9597523219814241,0.9597834493426141,0.9195046439628483,0.9690641918020109,0.9287925696594427,0.9675174013921114,0.9226006191950464,0.9651972157772621,3.7636708859809636,1.1379877001393608,0.014302636182570046,0.0033065569863564544
41.619648933410645,3.964079570770264,0.9368811881188119,0.965037029587754,"ExtraTreesClassifier(bootstrap=False, class_weight=None, criterion='gini',
           max_depth=12, max_features='log2', max_leaf_nodes=35,
           min_impurity_split=1e-05, min_samples_leaf=3,
           min_samples_split=5, min_weight_fraction_leaf=0.0,
           n_estimators=420, n_jobs=-1, oob_score=False,
           random_state=<mtrand.RandomState object at 0x7f7c72213d38>,
           verbose=0, warm_start=False)",12,35,3,5,420,461000,18,0.9259259259259259,0.9643962848297214,0.9535603715170279,0.9605568445475638,0.9380804953560371,0.9667440061871616,0.9256965944272446,0.9682907965970611,0.9411764705882353,0.9651972157772621,2.9578053740491326,1.0325552755215113,0.010423349365670175,0.002608027619346824
40.961045551300046,4.159059762954712,0.9275990099009901,0.9665842988801332,"ExtraTreesClassifier(bootstrap=False, class_weight=None, criterion='gini',
           max_depth=12, max_features='log2', max_leaf_nodes=35,
           min_impurity_split=1e-05, min_samples_leaf=3,
           min_samples_split=5, min_weight_fraction_leaf=0.0,
           n_estimators=420, n_jobs=-1, oob_score=False,
           random_state=<mtrand.RandomState object at 0x7f7c72163e10>,
           verbose=0, warm_start=False)",12,35,3,5,420,462000,105,0.9135802469135802,0.9674922600619195,0.9566563467492261,0.9682907965970611,0.9287925696594427,0.9582366589327146,0.9164086687306502,0.9706109822119103,0.9226006191950464,0.9682907965970611,2.3405195109858745,1.1218036828715605,0.015442518626968403,0.00430223043942422
39.85835952758789,4.562691879272461,0.9344059405940595,0.9675124928466928,"ExtraTreesClassifier(bootstrap=False, class_weight=None, criterion='gini',
           max_depth=12, max_features='log2', max_leaf_nodes=35,
           min_impurity_split=1e-05, min_samples_leaf=3,
           min_samples_split=5, min_weight_fraction_leaf=0.0,
           n_estimators=420, n_jobs=-1, oob_score=False,
           random_state=<mtrand.RandomState object at 0x7f7c7205af30>,
           verbose=0, warm_start=False)",12,35,3,5,420,467000,53,0.9290123456790124,0.968266253869969,0.9566563467492261,0.9667440061871616,0.9318885448916409,0.9682907965970611,0.9102167182662538,0.9659706109822119,0.9442724458204335,0.9682907965970611,3.73520501693516,1.1852776470985087,0.01557122043358211,0.0009744373315690913
38.74281406402588,5.1619915008544925,0.932549504950495,0.9678222100905327,"ExtraTreesClassifier(bootstrap=False, class_weight=None, criterion='gini',
           max_depth=12, max_features='log2', max_leaf_nodes=35,
           min_impurity_split=1e-05, min_samples_leaf=3,
           min_samples_split=5, min_weight_fraction_leaf=0.0,
           n_estimators=420, n_jobs=-1, oob_score=False,
           random_state=<mtrand.RandomState object at 0x7f7c71e9d090>,
           verbose=0, warm_start=False)",12,35,3,5,420,468000,76,0.9166666666666666,0.9705882352941176,0.9659442724458205,0.9667440061871616,0.9195046439628483,0.9675174013921114,0.9287925696594427,0.9659706109822119,0.9318885448916409,0.9682907965970611,4.675069181546396,2.1925814467523623,0.017618256906189674,0.001584570604219313
38.386761569976805,4.372480964660644,0.9350247524752475,0.9682863669341225,"ExtraTreesClassifier(bootstrap=False, class_weight=None, criterion='gini',
           max_depth=12, max_features='log2', max_leaf_nodes=35,
           min_impurity_split=1e-05, min_samples_leaf=3,
           min_samples_split=5, min_weight_fraction_leaf=0.0,
           n_estimators=420, n_jobs=-1, oob_score=False,
           random_state=<mtrand.RandomState object at 0x7f7c71d951b0>,
           verbose=0, warm_start=False)",12,35,3,5,420,470000,37,0.9228395061728395,0.9713622291021672,0.9659442724458205,0.9644238205723125,0.9226006191950464,0.9682907965970611,0.9287925696594427,0.9706109822119103,0.934984520123839,0.9667440061871616,5.409156292104523,1.6434702359023694,0.016108098134629722,0.00253625412604276
36.33842716217041,4.610362339019775,0.9381188118811881,0.9662754196806332,"ExtraTreesClassifier(bootstrap=False, class_weight=None, criterion='gini',
           max_depth=12, max_features='log2', max_leaf_nodes=35,
           min_impurity_split=1e-05, min_samples_leaf=3,
           min_samples_split=5, min_weight_fraction_leaf=0.0,
           n_estimators=420, n_jobs=-1, oob_score=False,
           random_state=<mtrand.RandomState object at 0x7f7c71ce0360>,
           verbose=0, warm_start=False)",12,35,3,5,420,472000,7,0.9351851851851852,0.9705882352941176,0.9690402476780186,0.9621036349574633,0.934984520123839,0.9644238205723125,0.9226006191950464,0.9698375870069605,0.9287925696594427,0.9644238205723125,5.703998923169422,0.9904954972767892,0.01613430477961151,0.00333316788863121
37.498503589630126,5.968795680999756,0.9362623762376238,0.9656559851929536,"ExtraTreesClassifier(bootstrap=False, class_weight=None, criterion='gini',
           max_depth=12, max_features='log2', max_leaf_nodes=35,
           min_impurity_split=1e-05, min_samples_leaf=3,
           min_samples_split=5, min_weight_fraction_leaf=0.0,
           n_estimators=420, n_jobs=-1, oob_score=False,
           random_state=<mtrand.RandomState object at 0x7f7c71bd9480>,
           verbose=0, warm_start=False)",12,35,3,5,420,484000,24,0.9290123456790124,0.9659442724458205,0.9690402476780186,0.9690641918020109,0.9226006191950464,0.962877030162413,0.9195046439628483,0.9644238205723125,0.9411764705882353,0.9659706109822119,5.224406668504954,1.551323959512439,0.01798736425634746,0.002051282132305561
35.42894487380981,5.6103386878967285,0.9368811881188119,0.9670483360031031,"ExtraTreesClassifier(bootstrap=False, class_weight=None, criterion='gini',
           max_depth=12, max_features='log2', max_leaf_nodes=35,
           min_impurity_split=1e-05, min_samples_leaf=3,
           min_samples_split=5, min_weight_fraction_leaf=0.0,
           n_estimators=420, n_jobs=-1, oob_score=False,
           random_state=<mtrand.RandomState object at 0x7f7c71ad34c8>,
           verbose=0, warm_start=False)",12,35,3,5,420,487000,18,0.9290123456790124,0.9674922600619195,0.9628482972136223,0.9682907965970611,0.9256965944272446,0.9667440061871616,0.9318885448916409,0.9667440061871616,0.934984520123839,0.9659706109822119,8.1077080228296,0.9115331660736392,0.013337686093876339,0.0007858118594079931
36.24076700210571,6.437551546096802,0.9399752475247525,0.967976051087183,"ExtraTreesClassifier(bootstrap=False, class_weight=None, criterion='gini',
           max_depth=12, max_features='log2', max_leaf_nodes=35,
           min_impurity_split=1e-05, min_samples_leaf=3,
           min_samples_split=5, min_weight_fraction_leaf=0.0,
           n_estimators=420, n_jobs=-1, oob_score=False,
           random_state=<mtrand.RandomState object at 0x7f7c719cf6c0>,
           verbose=0, warm_start=False)",12,35,3,5,420,488000,1,0.9228395061728395,0.9651702786377709,0.9628482972136223,0.9690641918020109,0.9380804953560371,0.9651972157772621,0.9256965944272446,0.97138437741686,0.9504643962848297,0.9690641918020109,6.60636481218462,2.49906946314425,0.015063259246807731,0.0024322447869260396
33.5097457408905,5.78218150138855,0.9294554455445545,0.965037508470234,"ExtraTreesClassifier(bootstrap=False, class_weight=None, criterion='gini',
           max_depth=12, max_features='log2', max_leaf_nodes=35,
           min_impurity_split=1e-05, min_samples_leaf=3,
           min_samples_split=5, min_weight_fraction_leaf=0.0,
           n_estimators=420, n_jobs=-1, oob_score=False,
           random_state=<mtrand.RandomState object at 0x7f7c6bf59b40>,
           verbose=0, warm_start=False)",12,35,3,5,420,498000,99,0.9290123456790124,0.9674922600619195,0.9628482972136223,0.9659706109822119,0.9256965944272446,0.9605568445475638,0.9071207430340558,0.9651972157772621,0.9226006191950464,0.9659706109822119,3.442028488252386,2.3773376295220223,0.018298630408948316,0.00236089057706779
30.86621699333191,5.500216865539551,0.9393564356435643,0.9672034939265728,"ExtraTreesClassifier(bootstrap=False, class_weight=None, criterion='gini',
           max_depth=12, max_features='log2', max_leaf_nodes=35,
           min_impurity_split=1e-05, min_samples_leaf=3,
           min_samples_split=5, min_weight_fraction_leaf=0.0,
           n_estimators=420, n_jobs=-1, oob_score=False,
           random_state=<mtrand.RandomState object at 0x7f7c6be52c60>,
           verbose=0, warm_start=False)",12,35,3,5,420,499000,3,0.941358024691358,0.9705882352941176,0.9690402476780186,0.9682907965970611,0.9226006191950464,0.9682907965970611,0.9226006191950464,0.9659706109822119,0.9411764705882353,0.962877030162413,4.729768160811229,1.5329630148074975,0.0170239683652583,0.0026099508568842803
35.075624227523804,5.1530553817749025,0.9350247524752475,0.965037149308374,"ExtraTreesClassifier(bootstrap=False, class_weight=None, criterion='gini',
           max_depth=12, max_features='log2', max_leaf_nodes=35,
           min_impurity_split=1e-05, min_samples_leaf=3,
           min_samples_split=5, min_weight_fraction_leaf=0.0,
           n_estimators=420, n_jobs=-1, oob_score=False,
           random_state=<mtrand.RandomState object at 0x7f7c6bda1a20>,
           verbose=0, warm_start=False)",12,35,3,5,420,500000,37,0.9259259259259259,0.9651702786377709,0.9752321981424149,0.9675174013921114,0.9164086687306502,0.9682907965970611,0.9287925696594427,0.9659706109822119,0.9287925696594427,0.9582366589327146,1.8664946238897908,1.6953048672218007,0.02060392251053799,0.0035741744373315276
33.29556684494018,4.328840970993042,0.9368811881188119,0.9698325587409222,"ExtraTreesClassifier(bootstrap=False, class_weight=None, criterion='gini',
           max_depth=12, max_features='log2', max_leaf_nodes=35,
           min_impurity_split=1e-05, min_samples_leaf=3,
           min_samples_split=5, min_weight_fraction_leaf=0.0,
           n_estimators=420, n_jobs=-1, oob_score=False,
           random_state=<mtrand.RandomState object at 0x7f7c6bc9ab40>,
           verbose=0, warm_start=False)",12,35,3,5,420,515000,18,0.9290123456790124,0.9674922600619195,0.9659442724458205,0.9675174013921114,0.9287925696594427,0.9729311678267595,0.9380804953560371,0.9698375870069605,0.9226006191950464,0.97138437741686,4.18274276130525,1.217514937220852,0.015341729304913239,0.002137591925975428
34.862480115890506,3.7864545822143554,0.9362623762376238,0.9676677704907828,"ExtraTreesClassifier(bootstrap=False, class_weight=None, criterion='gini',
           max_depth=12, max_features='log2', max_leaf_nodes=35,
           min_impurity_split=1e-05, min_samples_leaf=3,
           min_samples_split=5, min_weight_fraction_leaf=0.0,
           n_estimators=420, n_jobs=-1, oob_score=False,
           random_state=<mtrand.RandomState object at 0x7f7c6bb92c60>,
           verbose=0, warm_start=False)",12,35,3,5,420,517000,24,0.9351851851851852,0.9721362229102167,0.9690402476780186,0.9659706109822119,0.934984520123839,0.9667440061871616,0.913312693498452,0.9698375870069605,0.9287925696594427,0.9636504253673627,5.525729132592249,0.8904689158316773,0.018213427074363027,0.002984892743984862
36.525743293762204,5.337957859039307,0.9381188118811881,0.9701426351466219,"ExtraTreesClassifier(bootstrap=False, class_weight=None, criterion='gini',
           max_depth=12, max_features='log2', max_leaf_nodes=35,
           min_impurity_split=1e-05, min_samples_leaf=3,
           min_samples_split=5, min_weight_fraction_leaf=0.0,
           n_estimators=420, n_jobs=-1, oob_score=False,
           random_state=<mtrand.RandomState object at 0x7f7c6b9d74c8>,
           verbose=0, warm_start=False)",12,35,3,5,420,523000,7,0.9290123456790124,0.9721362229102167,0.9628482972136223,0.9651972157772621,0.9380804953560371,0.9690641918020109,0.9287925696594427,0.9682907965970611,0.9318885448916409,0.9760247486465584,7.2537527000520585,0.92383511624944,0.012806409722149178,0.003677585354476616
40.11671047210693,6.311678266525268,0.9350247524752475,0.9665835805564136,"ExtraTreesClassifier(bootstrap=False, class_weight=None, criterion='gini',
           max_depth=12, max_features='log2', max_leaf_nodes=35,
           min_impurity_split=1e-05, min_samples_leaf=3,
           min_samples_split=5, min_weight_fraction_leaf=0.0,
           n_estimators=420, n_jobs=-1, oob_score=False,
           random_state=<mtrand.RandomState object at 0x7f7c6b9d7f78>,
           verbose=0, warm_start=False)",12,35,3,5,420,533000,37,0.9228395061728395,0.9628482972136223,0.9628482972136223,0.9706109822119103,0.9256965944272446,0.9659706109822119,0.9226006191950464,0.9651972157772621,0.9411764705882353,0.9682907965970611,6.406007107923609,1.7340094701377626,0.015502018027965818,0.0026602492873730697
39.887789726257324,6.433058357238769,0.9300742574257426,0.9682856486104028,"ExtraTreesClassifier(bootstrap=False, class_weight=None, criterion='gini',
           max_depth=12, max_features='log2', max_leaf_nodes=35,
           min_impurity_split=1e-05, min_samples_leaf=3,
           min_samples_split=5, min_weight_fraction_leaf=0.0,
           n_estimators=420, n_jobs=-1, oob_score=False,
           random_state=<mtrand.RandomState object at 0x7f7c6b817090>,
           verbose=0, warm_start=False)",12,35,3,5,420,534000,95,0.9259259259259259,0.9667182662538699,0.9659442724458205,0.97138437741686,0.9226006191950464,0.97138437741686,0.9164086687306502,0.9667440061871616,0.9195046439628483,0.9651972157772621,6.742818763706075,2.104169182869322,0.01820557102719648,0.0025913705489359973
39.160569190979004,4.680779695510864,0.9337871287128713,0.9627167242522848,"ExtraTreesClassifier(bootstrap=False, class_weight=None, criterion='gini',
           max_depth=12, max_features='log2', max_leaf_nodes=35,
           min_impurity_split=1e-05, min_samples_leaf=3,
           min_samples_split=5, min_weight_fraction_leaf=0.0,
           n_estimators=420, n_jobs=-1, oob_score=False,
           random_state=<mtrand.RandomState object at 0x7f7c6b70f1f8>,
           verbose=0, warm_start=False)",12,35,3,5,420,537000,64,0.9351851851851852,0.9636222910216719,0.9659442724458205,0.9574632637277649,0.9318885448916409,0.9667440061871616,0.9102167182662538,0.9597834493426141,0.9256965944272446,0.9659706109822119,9.135456842844889,1.3890837216299108,0.018218893924978514,0.0035729477742164587
35.37670812606812,4.77912449836731,0.9381188118811881,0.9661197828746836,"ExtraTreesClassifier(bootstrap=False, class_weight=None, criterion='gini',
           max_depth=12, max_features='log2', max_leaf_nodes=35,
           min_impurity_split=1e-05, min_samples_leaf=3,
           min_samples_split=5, min_weight_fraction_leaf=0.0,
           n_estimators=420, n_jobs=-1, oob_score=False,
           random_state=<mtrand.RandomState object at 0x7f7c6b60b2d0>,
           verbose=0, warm_start=False)",12,35,3,5,420,540000,7,0.9259259259259259,0.9643962848297214,0.9690402476780186,0.9651972157772621,0.9164086687306502,0.9675174013921114,0.934984520123839,0.9667440061871616,0.9442724458204335,0.9667440061871616,5.231140097847753,1.8226096590850076,0.0180182025334769,0.0011449211822804495
33.15163779258728,5.121153831481934,0.9350247524752475,0.9644192711887539,"ExtraTreesClassifier(bootstrap=False, class_weight=None, criterion='gini',
           max_depth=12, max_features='log2', max_leaf_nodes=35,
           min_impurity_split=1e-05, min_samples_leaf=3,
           min_samples_split=5, min_weight_fraction_leaf=0.0,
           n_estimators=420, n_jobs=-1, oob_score=False,
           random_state=<mtrand.RandomState object at 0x7f7c6b556438>,
           verbose=0, warm_start=False)",12,35,3,5,420,543000,37,0.9320987654320988,0.9705882352941176,0.9628482972136223,0.9636504253673627,0.9164086687306502,0.9597834493426141,0.9256965944272446,0.9605568445475638,0.9380804953560371,0.9675174013921114,5.728874954857489,1.7943326793870729,0.01565177161407447,0.004114725666068518
32.191895961761475,4.872702598571777,0.9331683168316832,0.9667390976417432,"ExtraTreesClassifier(bootstrap=False, class_weight=None, criterion='gini',
           max_depth=12, max_features='log2', max_leaf_nodes=35,
           min_impurity_split=1e-05, min_samples_leaf=3,
           min_samples_split=5, min_weight_fraction_leaf=0.0,
           n_estimators=420, n_jobs=-1, oob_score=False,
           random_state=<mtrand.RandomState object at 0x7f7c6b44d1b0>,
           verbose=0, warm_start=False)",12,35,3,5,420,544000,69,0.9197530864197531,0.968266253869969,0.9597523219814241,0.9675174013921114,0.9256965944272446,0.9667440061871616,0.9256965944272446,0.9682907965970611,0.934984520123839,0.962877030162413,4.468533852724435,1.5368843698250363,0.014153208931029618,0.0020130236873866516
33.432690668106076,4.107600975036621,0.9306930693069307,0.9639540368595844,"ExtraTreesClassifier(bootstrap=False, class_weight=None, criterion='gini',
           max_depth=12, max_features='log2', max_leaf_nodes=35,
           min_impurity_split=1e-05, min_samples_leaf=3,
           min_samples_split=5, min_weight_fraction_leaf=0.0,
           n_estimators=420, n_jobs=-1, oob_score=False,
           random_state=<mtrand.RandomState object at 0x7f7c6b348630>,
           verbose=0, warm_start=False)",12,35,3,5,420,552000,89,0.9135802469135802,0.9628482972136223,0.9566563467492261,0.9590100541376644,0.9164086687306502,0.9690641918020109,0.9287925696594427,0.9636504253673627,0.9380804953560371,0.9651972157772621,3.64741703125217,1.1921817240169368,0.01568002547252087,0.003268546545927385
30.16627354621887,3.8713293075561523,0.9350247524752475,0.9668934175208733,"ExtraTreesClassifier(bootstrap=False, class_weight=None, criterion='gini',
           max_depth=12, max_features='log2', max_leaf_nodes=35,
           min_impurity_split=1e-05, min_samples_leaf=3,
           min_samples_split=5, min_weight_fraction_leaf=0.0,
           n_estimators=420, n_jobs=-1, oob_score=False,
           random_state=<mtrand.RandomState object at 0x7f7c6b28f750>,
           verbose=0, warm_start=False)",12,35,3,5,420,553000,37,0.9259259259259259,0.9659442724458205,0.9597523219814241,0.9590100541376644,0.9318885448916409,0.97138437741686,0.9318885448916409,0.97138437741686,0.9256965944272446,0.9667440061871616,2.0090841001850945,1.065429898350279,0.01265454856083693,0.0045477040344899244
28.9320348739624,4.48797755241394,0.9344059405940595,0.9661196631540637,"ExtraTreesClassifier(bootstrap=False, class_weight=None, criterion='gini',
           max_depth=12, max_features='log2', max_leaf_nodes=35,
           min_impurity_split=1e-05, min_samples_leaf=3,
           min_samples_split=5, min_weight_fraction_leaf=0.0,
           n_estimators=420, n_jobs=-1, oob_score=False,
           random_state=<mtrand.RandomState object at 0x7f7c6b18e870>,
           verbose=0, warm_start=False)",12,35,3,5,420,555000,53,0.9320987654320988,0.9636222910216719,0.9690402476780186,0.9597834493426141,0.9195046439628483,0.97138437741686,0.9195046439628483,0.9667440061871616,0.9318885448916409,0.9690641918020109,2.455638758736961,0.9239856972674103,0.01818947499568483,0.004078277638476885
29.68026852607727,4.035627460479736,0.932549504950495,0.9672027756028532,"ExtraTreesClassifier(bootstrap=False, class_weight=None, criterion='gini',
           max_depth=12, max_features='log2', max_leaf_nodes=35,
           min_impurity_split=1e-05, min_samples_leaf=3,
           min_samples_split=5, min_weight_fraction_leaf=0.0,
           n_estimators=420, n_jobs=-1, oob_score=False,
           random_state=<mtrand.RandomState object at 0x7f7c6b088828>,
           verbose=0, warm_start=False)",12,35,3,5,420,572000,76,0.9259259259259259,0.9659442724458205,0.9628482972136223,0.9659706109822119,0.9195046439628483,0.9729311678267595,0.9318885448916409,0.9675174013921114,0.9226006191950464,0.9636504253673627,2.535349793153098,0.9160024622564535,0.015689792203486517,0.003118804864123026
31.262860202789305,3.9837088584899902,0.9313118811881188,0.9673582926881827,"ExtraTreesClassifier(bootstrap=False, class_weight=None, criterion='gini',
           max_depth=12, max_features='log2', max_leaf_nodes=35,
           min_impurity_split=1e-05, min_samples_leaf=3,
           min_samples_split=5, min_weight_fraction_leaf=0.0,
           n_estimators=420, n_jobs=-1, oob_score=False,
           random_state=<mtrand.RandomState object at 0x7f7c6af82948>,
           verbose=0, warm_start=False)",12,35,3,5,420,577000,86,0.9320987654320988,0.9713622291021672,0.9597523219814241,0.9644238205723125,0.913312693498452,0.9682907965970611,0.9164086687306502,0.9675174013921114,0.934984520123839,0.9651972157772621,3.2838380715329345,0.7990186894513703,0.01654205169303805,0.0024579571168229994
32.30437021255493,3.9183001041412355,0.9362623762376238,0.9639545157420644,"ExtraTreesClassifier(bootstrap=False, class_weight=None, criterion='gini',
           max_depth=12, max_features='log2', max_leaf_nodes=35,
           min_impurity_split=1e-05, min_samples_leaf=3,
           min_samples_split=5, min_weight_fraction_leaf=0.0,
           n_estimators=420, n_jobs=-1, oob_score=False,
           random_state=<mtrand.RandomState object at 0x7f7c6aecbab0>,
           verbose=0, warm_start=False)",12,35,3,5,420,585000,24,0.941358024691358,0.9659442724458205,0.9659442724458205,0.9605568445475638,0.9226006191950464,0.9659706109822119,0.9226006191950464,0.9597834493426141,0.9287925696594427,0.9675174013921114,1.8631597538907807,1.0644296769512047,0.016342089112377257,0.0031515040970102218
30.216296005249024,4.171456909179687,0.931930693069307,0.9647274320645343,"ExtraTreesClassifier(bootstrap=False, class_weight=None, criterion='gini',
           max_depth=12, max_features='log2', max_leaf_nodes=35,
           min_impurity_split=1e-05, min_samples_leaf=3,
           min_samples_split=5, min_weight_fraction_leaf=0.0,
           n_estimators=420, n_jobs=-1, oob_score=False,
           random_state=<mtrand.RandomState object at 0x7f7c6adc4bd0>,
           verbose=0, warm_start=False)",12,35,3,5,420,592000,82,0.9259259259259259,0.9628482972136223,0.9535603715170279,0.9659706109822119,0.9164086687306502,0.9605568445475638,0.9318885448916409,0.9667440061871616,0.9318885448916409,0.9675174013921114,1.1935186127159103,0.8060244380967677,0.012202357640396372,0.002619959613690678
31.01532163619995,4.429912042617798,0.9356435643564357,0.9670472585175235,"ExtraTreesClassifier(bootstrap=False, class_weight=None, criterion='gini',
           max_depth=12, max_features='log2', max_leaf_nodes=35,
           min_impurity_split=1e-05, min_samples_leaf=3,
           min_samples_split=5, min_weight_fraction_leaf=0.0,
           n_estimators=420, n_jobs=-1, oob_score=False,
           random_state=<mtrand.RandomState object at 0x7f7c6acc1cf0>,
           verbose=0, warm_start=False)",12,35,3,5,420,598000,33,0.9166666666666666,0.9605263157894737,0.9566563467492261,0.9682907965970611,0.934984520123839,0.97138437741686,0.9318885448916409,0.9651972157772621,0.9380804953560371,0.9698375870069605,2.1363520589895026,0.8264756282500896,0.012827613248772194,0.00384937066504398
31.334641408920287,4.052926683425904,0.9362623762376238,0.9655014258725837,"ExtraTreesClassifier(bootstrap=False, class_weight=None, criterion='gini',
           max_depth=12, max_features='log2', max_leaf_nodes=35,
           min_impurity_split=1e-05, min_samples_leaf=3,
           min_samples_split=5, min_weight_fraction_leaf=0.0,
           n_estimators=420, n_jobs=-1, oob_score=False,
           random_state=<mtrand.RandomState object at 0x7f7c6ac0ce10>,
           verbose=0, warm_start=False)",12,35,3,5,420,601000,24,0.9197530864197531,0.9667182662538699,0.9752321981424149,0.9636504253673627,0.9256965944272446,0.9636504253673627,0.9287925696594427,0.9636504253673627,0.9318885448916409,0.9698375870069605,1.6648837987144145,0.6845542768314113,0.019886614925840502,0.002472310761526332
30.732436180114746,4.140815782546997,0.9331683168316832,0.9639541565802044,"ExtraTreesClassifier(bootstrap=False, class_weight=None, criterion='gini',
           max_depth=12, max_features='log2', max_leaf_nodes=35,
           min_impurity_split=1e-05, min_samples_leaf=3,
           min_samples_split=5, min_weight_fraction_leaf=0.0,
           n_estimators=420, n_jobs=-1, oob_score=False,
           random_state=<mtrand.RandomState object at 0x7f7c6ab04f30>,
           verbose=0, warm_start=False)",12,35,3,5,420,608000,69,0.9444444444444444,0.9636222910216719,0.9535603715170279,0.9613302397525135,0.9318885448916409,0.9690641918020109,0.9102167182662538,0.9621036349574633,0.9256965944272446,0.9636504253673627,1.6190623117801834,0.7391746937187507,0.015012815512942252,0.002706444795726257
30.74776883125305,4.286683464050293,0.9381188118811881,0.9659651038336937,"ExtraTreesClassifier(bootstrap=False, class_weight=None, criterion='gini',
           max_depth=12, max_features='log2', max_leaf_nodes=35,
           min_impurity_split=1e-05, min_samples_leaf=3,
           min_samples_split=5, min_weight_fraction_leaf=0.0,
           n_estimators=420, n_jobs=-1, oob_score=False,
           random_state=<mtrand.RandomState object at 0x7f7c6a949090>,
           verbose=0, warm_start=False)",12,35,3,5,420,618000,7,0.9506172839506173,0.9643962848297214,0.9659442724458205,0.9682907965970611,0.9287925696594427,0.9698375870069605,0.9164086687306502,0.9651972157772621,0.9287925696594427,0.9621036349574633,2.8034793787874275,0.5235192857584363,0.017749727859142903,0.002770081579063875
31.935232496261598,4.5015027046203615,0.9350247524752475,0.9687496857333727,"ExtraTreesClassifier(bootstrap=False, class_weight=None, criterion='gini',
           max_depth=12, max_features='log2', max_leaf_nodes=35,
           min_impurity_split=1e-05, min_samples_leaf=3,
           min_samples_split=5, min_weight_fraction_leaf=0.0,
           n_estimators=420, n_jobs=-1, oob_score=False,
           random_state=<mtrand.RandomState object at 0x7f7c6a8431b0>,
           verbose=0, warm_start=False)",12,35,3,5,420,626000,37,0.9290123456790124,0.9667182662538699,0.9690402476780186,0.9667440061871616,0.9256965944272446,0.9783449342614076,0.9071207430340558,0.9667440061871616,0.9442724458204335,0.9651972157772621,1.7959804953420861,0.6307716198614692,0.02070341006702939,0.004834480387584704
31.60654034614563,4.268849229812622,0.9288366336633663,0.9675117745229732,"ExtraTreesClassifier(bootstrap=False, class_weight=None, criterion='gini',
           max_depth=12, max_features='log2', max_leaf_nodes=35,
           min_impurity_split=1e-05, min_samples_leaf=3,
           min_samples_split=5, min_weight_fraction_leaf=0.0,
           n_estimators=420, n_jobs=-1, oob_score=False,
           random_state=<mtrand.RandomState object at 0x7f7c6a7bb2d0>,
           verbose=0, warm_start=False)",12,35,3,5,420,637000,101,0.9012345679012346,0.9636222910216719,0.9597523219814241,0.9659706109822119,0.9226006191950464,0.9667440061871616,0.9287925696594427,0.9729311678267595,0.9318885448916409,0.9682907965970611,2.5053054673059867,0.8857709666407858,0.01879958695547791,0.0031006268513570565
30.84794373512268,4.598614501953125,0.9306930693069307,0.9673576940850831,"ExtraTreesClassifier(bootstrap=False, class_weight=None, criterion='gini',
           max_depth=12, max_features='log2', max_leaf_nodes=35,
           min_impurity_split=1e-05, min_samples_leaf=3,
           min_samples_split=5, min_weight_fraction_leaf=0.0,
           n_estimators=420, n_jobs=-1, oob_score=False,
           random_state=<mtrand.RandomState object at 0x7f7c6a68a3f0>,
           verbose=0, warm_start=False)",12,35,3,5,420,643000,89,0.9351851851851852,0.9674922600619195,0.9411764705882353,0.962877030162413,0.9287925696594427,0.962877030162413,0.9195046439628483,0.974477958236659,0.9287925696594427,0.9690641918020109,2.4821932458644755,1.3468627851089765,0.007244107580828011,0.0043308452390740685
28.755748224258422,4.614574718475342,0.9306930693069307,0.9681325259374722,"ExtraTreesClassifier(bootstrap=False, class_weight=None, criterion='gini',
           max_depth=12, max_features='log2', max_leaf_nodes=35,
           min_impurity_split=1e-05, min_samples_leaf=3,
           min_samples_split=5, min_weight_fraction_leaf=0.0,
           n_estimators=420, n_jobs=-1, oob_score=False,
           random_state=<mtrand.RandomState object at 0x7f7c6a5ff510>,
           verbose=0, warm_start=False)",12,35,3,5,420,644000,89,0.9166666666666666,0.9767801857585139,0.9752321981424149,0.9621036349574633,0.9195046439628483,0.9667440061871616,0.9256965944272446,0.9737045630317092,0.9164086687306502,0.9613302397525135,2.7813036012694194,1.4738201948172187,0.02251090374164802,0.006170514219219108
31.280874061584473,5.304865407943725,0.9344059405940595,0.9670486951649631,"ExtraTreesClassifier(bootstrap=False, class_weight=None, criterion='gini',
           max_depth=12, max_features='log2', max_leaf_nodes=35,
           min_impurity_split=1e-05, min_samples_leaf=3,
           min_samples_split=5, min_weight_fraction_leaf=0.0,
           n_estimators=420, n_jobs=-1, oob_score=False,
           random_state=<mtrand.RandomState object at 0x7f7c6a4f8630>,
           verbose=0, warm_start=False)",12,35,3,5,420,645000,53,0.9228395061728395,0.9698142414860681,0.9535603715170279,0.9659706109822119,0.9318885448916409,0.9644238205723125,0.9195046439628483,0.9667440061871616,0.9442724458204335,0.9682907965970611,3.65478325397674,1.797304902848141,0.012855434775409645,0.0018620488676311397
31.294352865219118,4.640212821960449,0.9381188118811881,0.9685946475305227,"ExtraTreesClassifier(bootstrap=False, class_weight=None, criterion='gini',
           max_depth=12, max_features='log2', max_leaf_nodes=35,
           min_impurity_split=1e-05, min_samples_leaf=3,
           min_samples_split=5, min_weight_fraction_leaf=0.0,
           n_estimators=420, n_jobs=-1, oob_score=False,
           random_state=<mtrand.RandomState object at 0x7f7c6a3c8750>,
           verbose=0, warm_start=False)",12,35,3,5,420,651000,7,0.9320987654320988,0.9643962848297214,0.9721362229102167,0.97138437741686,0.9226006191950464,0.9698375870069605,0.934984520123839,0.9682907965970611,0.9287925696594427,0.9690641918020109,3.3030648767554167,1.2368580733064765,0.01749403784180057,0.002335231806949522
30.733768653869628,4.570940542221069,0.926980198019802,0.9658103050720838,"ExtraTreesClassifier(bootstrap=False, class_weight=None, criterion='gini',
           max_depth=12, max_features='log2', max_leaf_nodes=35,
           min_impurity_split=1e-05, min_samples_leaf=3,
           min_samples_split=5, min_weight_fraction_leaf=0.0,
           n_estimators=420, n_jobs=-1, oob_score=False,
           random_state=<mtrand.RandomState object at 0x7f7c6a33e870>,
           verbose=0, warm_start=False)",12,35,3,5,420,654000,110,0.9074074074074074,0.9636222910216719,0.9566563467492261,0.9690641918020109,0.9226006191950464,0.9636504253673627,0.913312693498452,0.962877030162413,0.934984520123839,0.9698375870069605,2.5338033918334695,1.5465977113666614,0.017516019351034754,0.002995442076006499
32.66737465858459,5.452087020874023,0.9387376237623762,0.9665845383213731,"ExtraTreesClassifier(bootstrap=False, class_weight=None, criterion='gini',
           max_depth=12, max_features='log2', max_leaf_nodes=35,
           min_impurity_split=1e-05, min_samples_leaf=3,
           min_samples_split=5, min_weight_fraction_leaf=0.0,
           n_estimators=420, n_jobs=-1, oob_score=False,
           random_state=<mtrand.RandomState object at 0x7f7c6a238990>,
           verbose=0, warm_start=False)",12,35,3,5,420,655000,5,0.9351851851851852,0.9690402476780186,0.9535603715170279,0.9613302397525135,0.9380804953560371,0.9729311678267595,0.934984520123839,0.9636504253673627,0.9318885448916409,0.9659706109822119,6.157207194663747,1.4394411024057145,0.007663138005575762,0.004071947779093883
33.71525158882141,6.033744812011719,0.9368811881188119,0.9625613268875751,"ExtraTreesClassifier(bootstrap=False, class_weight=None, criterion='gini',
           max_depth=12, max_features='log2', max_leaf_nodes=35,
           min_impurity_split=1e-05, min_samples_leaf=3,
           min_samples_split=5, min_weight_fraction_leaf=0.0,
           n_estimators=420, n_jobs=-1, oob_score=False,
           random_state=<mtrand.RandomState object at 0x7f7c6a102ab0>,
           verbose=0, warm_start=False)",12,35,3,5,420,660000,18,0.9228395061728395,0.9589783281733746,0.9597523219814241,0.9590100541376644,0.9380804953560371,0.9659706109822119,0.9287925696594427,0.9621036349574633,0.934984520123839,0.9667440061871616,3.4217805411160995,1.8944954494639616,0.012576484228067873,0.003309891961809134
37.12688813209534,5.502861213684082,0.9350247524752475,0.9701426351466218,"ExtraTreesClassifier(bootstrap=False, class_weight=None, criterion='gini',
           max_depth=12, max_features='log2', max_leaf_nodes=35,
           min_impurity_split=1e-05, min_samples_leaf=3,
           min_samples_split=5, min_weight_fraction_leaf=0.0,
           n_estimators=420, n_jobs=-1, oob_score=False,
           random_state=<mtrand.RandomState object at 0x7f7c6a07bbd0>,
           verbose=0, warm_start=False)",12,35,3,5,420,662000,37,0.9259259259259259,0.9721362229102167,0.9690402476780186,0.9682907965970611,0.9195046439628483,0.9698375870069605,0.9256965944272446,0.97138437741686,0.934984520123839,0.9690641918020109,4.22162281025932,1.5343857483590901,0.0177032115697251,0.0014284058572784808
31.485024404525756,4.848946189880371,0.9282178217821783,0.9664292606772834,"ExtraTreesClassifier(bootstrap=False, class_weight=None, criterion='gini',
           max_depth=12, max_features='log2', max_leaf_nodes=35,
           min_impurity_split=1e-05, min_samples_leaf=3,
           min_samples_split=5, min_weight_fraction_leaf=0.0,
           n_estimators=420, n_jobs=-1, oob_score=False,
           random_state=<mtrand.RandomState object at 0x7f7c69f72cf0>,
           verbose=0, warm_start=False)",12,35,3,5,420,668000,104,0.9320987654320988,0.9651702786377709,0.9597523219814241,0.9644238205723125,0.9226006191950464,0.9698375870069605,0.9071207430340558,0.9659706109822119,0.9195046439628483,0.9667440061871616,2.8227287944517157,1.4200688693632355,0.017669892926941162,0.0018725884993125916
32.230028533935545,5.415934419631958,0.9362623762376238,0.9689047239362225,"ExtraTreesClassifier(bootstrap=False, class_weight=None, criterion='gini',
           max_depth=12, max_features='log2', max_leaf_nodes=35,
           min_impurity_split=1e-05, min_samples_leaf=3,
           min_samples_split=5, min_weight_fraction_leaf=0.0,
           n_estimators=420, n_jobs=-1, oob_score=False,
           random_state=<mtrand.RandomState object at 0x7f7c69e41dc8>,
           verbose=0, warm_start=False)",12,35,3,5,420,669000,24,0.9135802469135802,0.9690402476780186,0.9721362229102167,0.9721577726218097,0.934984520123839,0.9644238205723125,0.9256965944272446,0.9721577726218097,0.934984520123839,0.9667440061871616,4.63535682536499,1.1081077293911898,0.019579169719649903,0.0030308485390727973
34.82980618476868,6.522055721282959,0.9275990099009901,0.9653466271109739,"ExtraTreesClassifier(bootstrap=False, class_weight=None, criterion='gini',
           max_depth=12, max_features='log2', max_leaf_nodes=35,
           min_impurity_split=1e-05, min_samples_leaf=3,
           min_samples_split=5, min_weight_fraction_leaf=0.0,
           n_estimators=420, n_jobs=-1, oob_score=False,
           random_state=<mtrand.RandomState object at 0x7f7c69db9ee8>,
           verbose=0, warm_start=False)",12,35,3,5,420,671000,105,0.9166666666666666,0.9659442724458205,0.9535603715170279,0.9698375870069605,0.9226006191950464,0.9621036349574633,0.9195046439628483,0.9644238205723125,0.9256965944272446,0.9644238205723125,5.945398618139512,1.7017753047249962,0.01332254325280955,0.0025591421475544525
31.21074061393738,6.221733236312867,0.9300742574257426,0.9658106642339437,"ExtraTreesClassifier(bootstrap=False, class_weight=None, criterion='gini',
           max_depth=12, max_features='log2', max_leaf_nodes=35,
           min_impurity_split=1e-05, min_samples_leaf=3,
           min_samples_split=5, min_weight_fraction_leaf=0.0,
           n_estimators=420, n_jobs=-1, oob_score=False,
           random_state=<mtrand.RandomState object at 0x7f7c69bfc048>,
           verbose=0, warm_start=False)",12,35,3,5,420,686000,95,0.9228395061728395,0.9659442724458205,0.9597523219814241,0.9675174013921114,0.934984520123839,0.9613302397525135,0.9195046439628483,0.9760247486465584,0.913312693498452,0.9582366589327146,3.740500049671354,1.615567806185518,0.01642700937567498,0.006077797020404937
30.799562692642212,5.9390758037567135,0.931930693069307,0.9650379873527137,"ExtraTreesClassifier(bootstrap=False, class_weight=None, criterion='gini',
           max_depth=12, max_features='log2', max_leaf_nodes=35,
           min_impurity_split=1e-05, min_samples_leaf=3,
           min_samples_split=5, min_weight_fraction_leaf=0.0,
           n_estimators=420, n_jobs=-1, oob_score=False,
           random_state=<mtrand.RandomState object at 0x7f7c69af7168>,
           verbose=0, warm_start=False)",12,35,3,5,420,704000,82,0.9290123456790124,0.9705882352941176,0.9504643962848297,0.9644238205723125,0.9226006191950464,0.9690641918020109,0.9256965944272446,0.9644238205723125,0.9318885448916409,0.9566898685228151,1.5283684199175813,1.987393377253817,0.00977406311832547,0.004846876605505921
26.414543294906615,6.713804864883423,0.9288366336633663,0.9673568560407434,"ExtraTreesClassifier(bootstrap=False, class_weight=None, criterion='gini',
           max_depth=12, max_features='log2', max_leaf_nodes=35,
           min_impurity_split=1e-05, min_samples_leaf=3,
           min_samples_split=5, min_weight_fraction_leaf=0.0,
           n_estimators=420, n_jobs=-1, oob_score=False,
           random_state=<mtrand.RandomState object at 0x7f7c699f1288>,
           verbose=0, warm_start=False)",12,35,3,5,420,742000,101,0.9166666666666666,0.9620743034055728,0.9628482972136223,0.9682907965970611,0.9256965944272446,0.9729311678267595,0.9226006191950464,0.97138437741686,0.9164086687306502,0.9621036349574633,1.7188594696404484,2.1401177341183013,0.01736449488083749,0.004553412333156215
29.040203523635864,6.761646413803101,0.9368811881188119,0.9673569757613633,"ExtraTreesClassifier(bootstrap=False, class_weight=None, criterion='gini',
           max_depth=12, max_features='log2', max_leaf_nodes=35,
           min_impurity_split=1e-05, min_samples_leaf=3,
           min_samples_split=5, min_weight_fraction_leaf=0.0,
           n_estimators=420, n_jobs=-1, oob_score=False,
           random_state=<mtrand.RandomState object at 0x7f7c679c83a8>,
           verbose=0, warm_start=False)",12,35,3,5,420,757000,18,0.9228395061728395,0.9628482972136223,0.9752321981424149,0.9690641918020109,0.9256965944272446,0.9682907965970611,0.9164086687306502,0.9675174013921114,0.9442724458204335,0.9690641918020109,2.693837259854023,1.7154742056180807,0.021288616657765415,0.002326160493256334
28.754283714294434,6.694978523254394,0.9344059405940595,0.9642635146621844,"ExtraTreesClassifier(bootstrap=False, class_weight=None, criterion='gini',
           max_depth=12, max_features='log2', max_leaf_nodes=35,
           min_impurity_split=1e-05, min_samples_leaf=3,
           min_samples_split=5, min_weight_fraction_leaf=0.0,
           n_estimators=420, n_jobs=-1, oob_score=False,
           random_state=<mtrand.RandomState object at 0x7f7c678c34c8>,
           verbose=0, warm_start=False)",12,35,3,5,420,760000,53,0.9320987654320988,0.9636222910216719,0.9628482972136223,0.9551430781129157,0.9226006191950464,0.9690641918020109,0.9226006191950464,0.9690641918020109,0.9318885448916409,0.9644238205723125,3.260969758541139,1.7327729785068613,0.014823598675113918,0.005093372764542492
30.612148904800414,5.824751663208008,0.9313118811881188,0.9655021441963034,"ExtraTreesClassifier(bootstrap=False, class_weight=None, criterion='gini',
           max_depth=12, max_features='log2', max_leaf_nodes=35,
           min_impurity_split=1e-05, min_samples_leaf=3,
           min_samples_split=5, min_weight_fraction_leaf=0.0,
           n_estimators=420, n_jobs=-1, oob_score=False,
           random_state=<mtrand.RandomState object at 0x7f7c677ba5e8>,
           verbose=0, warm_start=False)",12,35,3,5,420,815000,86,0.9290123456790124,0.9713622291021672,0.9473684210526315,0.9659706109822119,0.9256965944272446,0.9690641918020109,0.9287925696594427,0.9535962877030162,0.9256965944272446,0.9675174013921114,3.585702667213534,1.7239992320006952,0.008152554901361011,0.0062138381018942476
32.0281759262085,7.221274995803833,0.9251237623762376,0.9594676263471562,"ExtraTreesClassifier(bootstrap=False, class_weight=None, criterion='gini',
           max_depth=12, max_features='log2', max_leaf_nodes=35,
           min_impurity_split=1e-05, min_samples_leaf=3,
           min_samples_split=5, min_weight_fraction_leaf=0.0,
           n_estimators=420, n_jobs=-1, oob_score=False,
           random_state=<mtrand.RandomState object at 0x7f7c67709750>,
           verbose=0, warm_start=False)",12,35,3,5,420,1045000,112,0.9135802469135802,0.958204334365325,0.9690402476780186,0.9644238205723125,0.9040247678018576,0.9621036349574633,0.913312693498452,0.9582366589327146,0.9256965944272446,0.954369682907966,5.842967607311523,1.5263764988587842,0.023002964336202494,0.003481741440918442
32.81595649719238,6.656995058059692,0.9306930693069307,0.9638001958629342,"ExtraTreesClassifier(bootstrap=False, class_weight=None, criterion='gini',
           max_depth=12, max_features='log2', max_leaf_nodes=35,
           min_impurity_split=1e-05, min_samples_leaf=3,
           min_samples_split=5, min_weight_fraction_leaf=0.0,
           n_estimators=420, n_jobs=-1, oob_score=False,
           random_state=<mtrand.RandomState object at 0x7f7c67605870>,
           verbose=0, warm_start=False)",12,35,3,5,420,1075000,89,0.9382716049382716,0.968266253869969,0.9597523219814241,0.9574632637277649,0.9040247678018576,0.9597834493426141,0.913312693498452,0.9675174013921114,0.9380804953560371,0.9659706109822119,5.886385947797255,1.3609329353822737,0.01984279726476114,0.004353503287068468
33.73013401031494,7.408215951919556,0.9275990099009901,0.9631808810958746,"ExtraTreesClassifier(bootstrap=False, class_weight=None, criterion='gini',
           max_depth=12, max_features='log2', max_leaf_nodes=35,
           min_impurity_split=1e-05, min_samples_leaf=3,
           min_samples_split=5, min_weight_fraction_leaf=0.0,
           n_estimators=420, n_jobs=-1, oob_score=False,
           random_state=<mtrand.RandomState object at 0x7f7c674fc990>,
           verbose=0, warm_start=False)",12,35,3,5,420,1125000,105,0.904320987654321,0.9643962848297214,0.9535603715170279,0.9621036349574633,0.934984520123839,0.962877030162413,0.9195046439628483,0.9605568445475638,0.9256965944272446,0.9659706109822119,6.563288869104134,1.7729854115853907,0.01637308745704955,0.001865376718753107
37.52772340774536,6.450262022018433,0.9164603960396039,0.959313905071126,"ExtraTreesClassifier(bootstrap=False, class_weight=None, criterion='gini',
           max_depth=12, max_features='log2', max_leaf_nodes=35,
           min_impurity_split=1e-05, min_samples_leaf=3,
           min_samples_split=5, min_weight_fraction_leaf=0.0,
           n_estimators=420, n_jobs=-1, oob_score=False,
           random_state=<mtrand.RandomState object at 0x7f7c67449ab0>,
           verbose=0, warm_start=False)",12,35,3,5,420,1141000,113,0.9135802469135802,0.9643962848297214,0.9442724458204335,0.9597834493426141,0.9195046439628483,0.9535962877030162,0.9009287925696594,0.9636504253673627,0.9040247678018576,0.9551430781129157,8.296643069432665,1.4029562979598544,0.015402853902448983,0.004357600486427942
34.3927960395813,6.7895924091339115,0.9275990099009901,0.9582298348573769,"ExtraTreesClassifier(bootstrap=False, class_weight=None, criterion='gini',
           max_depth=12, max_features='log2', max_leaf_nodes=35,
           min_impurity_split=1e-05, min_samples_leaf=3,
           min_samples_split=5, min_weight_fraction_leaf=0.0,
           n_estimators=420, n_jobs=-1, oob_score=False,
           random_state=<mtrand.RandomState object at 0x7f7c6a07b798>,
           verbose=0, warm_start=False)",12,35,3,5,420,1160000,105,0.9104938271604939,0.9558823529411765,0.9566563467492261,0.9520494972931168,0.913312693498452,0.954369682907966,0.9256965944272446,0.9698375870069605,0.9318885448916409,0.9590100541376644,5.838327463432639,2.4787952113090848,0.01651118441153946,0.006228268923531303
